split_seed,seeds,R2_tra,RMSE_tra,MAE_tra,R2_val,RMSE_val,MAE_val,R2_cv
82,"42,52,62,72,82,92,102",0.8664725265626465,0.5373380780220032,0.37538546323776245,0.7778270647950182,0.6737495064735413,0.4950956702232361,0.4675066324400541
