seed,best_epoch,R2_tra,RMSE_tra,MAE_tra,R2_val,RMSE_val,MAE_val
42,35,0.5778594609818299,0.9554122686386108,0.7339948415756226,0.5216756687312669,0.9885852336883544,0.7628560662269592
52,9,0.5321585785540632,1.0058000087738037,0.7884334325790405,0.4760981742539439,1.034612774848938,0.8246127367019653
62,82,0.7585899215880583,0.7225035429000854,0.5202198624610901,0.6739647334255148,0.816178560256958,0.6093352437019348
72,6,0.5690349350199424,0.9653467535972596,0.7443711757659912,0.4843095459225663,1.026472806930542,0.7929057478904724
82,5,0.5265675464337474,1.0117921829223633,0.7726631760597229,0.4621081295604428,1.0483356714248655,0.8133206963539124
92,140,0.8664725265626465,0.5373380780220032,0.3753854632377624,0.7778270647950182,0.6737495064735413,0.4950956702232361
102,7,0.538047007759386,0.9994502663612366,0.7733404040336609,0.49149643610694616,1.0192949771881104,0.7962281107902527
